dataset,mse,mae,snow_clusters,d_core,d_model,d_ff,e_layers,snow_temperature,dropout,learning_rate,train_epochs,batch_size,patience
ETTh1,0.3820,0.4014,8,256,256,256,1,1.0,0.0,0.0003,20,32,3
ETTh2,0.2954,0.3479,2,128,128,128,2,0.7,0.1,0.0003,20,32,3
ETTm1,0.3248,0.3616,4,128,128,128,2,1.0,0.1,0.0003,50,16,3
ETTm2,0.1783,0.2593,4,256,256,128,2,1.0,0.0,0.0003,20,32,3
PEMS03,0.1481,0.2582,4,256,512,512,4,1.0,0.1,0.0003,30,32,3
PEMS04,0.1363,0.2462,8,256,512,1024,4,0.7,0.1,0.0003,30,32,3
PEMS07,0.1216,0.2239,2,256,512,1024,3,0.7,0.1,0.0003,30,32,3
PEMS08,0.2061,0.2515,8,256,512,1024,3,1.0,0.1,0.0003,30,32,3
crop,0.5328,0.5254,4,256,256,256,1,0.7,0.0,0.0003,20,32,3
exchange_rate,0.0857,0.2055,4,256,256,256,1,0.7,0.0,0.0003,20,32,3
illness,2.1577,1.0251,4,256,256,256,1,0.7,0.1,0.0003,20,32,3
weather,0.1726,0.2133,8,128,512,512,3,1.0,0.1,0.0003,10,16,10
